{
	"class_name" : "PinholeCameraParameters",
	"extrinsic" : 
	[
		-0.7345053024189705,
		0.59122217818413281,
		-0.33310403291108076,
		0.0,
		0.59636010797535177,
		0.32813877211188863,
		-0.7325841711725205,
		0.0,
		-0.32381566103887499,
		-0.73673691522830032,
		-0.59360099006474443,
		0.0,
		0.18637781541908094,
		0.25399998341261698,
		5.3229844790999721,
		1.0
	],
	"intrinsic" : 
	{
		"height" : 1918,
		"intrinsic_matrix" : 
		[
			1661.0367244585534,
			0.0,
			0.0,
			0.0,
			1661.0367244585534,
			0.0,
			1919.5,
			958.5,
			1.0
		],
		"width" : 3840
	},
	"version_major" : 1,
	"version_minor" : 0
}