{
	"class_name" : "PinholeCameraParameters",
	"extrinsic" : 
	[
		0.22071344001334195,
		0.82666974989300579,
		-0.51759318195790827,
		0.0,
		-0.075401204390804596,
		-0.51463028008517908,
		-0.85409035423417967,
		0.0,
		-0.97241978372197524,
		0.22753636946933473,
		-0.051253924677251685,
		0.0,
		0.8601406154965241,
		0.12357720692182778,
		7.4004784018302958,
		1.0
	],
	"intrinsic" : 
	{
		"height" : 1918,
		"intrinsic_matrix" : 
		[
			1661.0367244585534,
			0.0,
			0.0,
			0.0,
			1661.0367244585534,
			0.0,
			1919.5,
			958.5,
			1.0
		],
		"width" : 3840
	},
	"version_major" : 1,
	"version_minor" : 0
}