{
	"class_name" : "PinholeCameraParameters",
	"extrinsic" : 
	[
		0.99176380757303151,
		0.027633659260684944,
		0.12506370722198909,
		0.0,
		-0.12403987962642141,
		-0.036096192205258011,
		0.99162047839410017,
		0.0,
		0.031916426029646984,
		-0.99896618850897334,
		-0.032371221252041761,
		0.0,
		-2.4865570095976173,
		0.1368171504019311,
		9.4676215063354352,
		1.0
	],
	"intrinsic" : 
	{
		"height" : 1080,
		"intrinsic_matrix" : 
		[
			935.30743608719376,
			0.0,
			0.0,
			0.0,
			935.30743608719376,
			0.0,
			959.5,
			539.5,
			1.0
		],
		"width" : 1920
	},
	"version_major" : 1,
	"version_minor" : 0
}