{
	"class_name" : "PinholeCameraParameters",
	"extrinsic" : 
	[
		0.52858818376784422,
		0.84740528860805653,
		-0.049988086781835035,
		0.0,
		0.84739909765823607,
		-0.53022632502248557,
		-0.027835472713012899,
		0.0,
		-0.050092926337149853,
		-0.027646357666897724,
		-0.99836184704681852,
		0.0,
		0.45384745013983985,
		-0.27248062867441336,
		6.0563630275124201,
		1.0
	],
	"intrinsic" : 
	{
		"height" : 2086,
		"intrinsic_matrix" : 
		[
			1806.5289922943391,
			0.0,
			0.0,
			0.0,
			1806.5289922943391,
			0.0,
			1919.5,
			1042.5,
			1.0
		],
		"width" : 3840
	},
	"version_major" : 1,
	"version_minor" : 0
}