{
	"class_name" : "PinholeCameraParameters",
	"extrinsic" : 
	[
		1.0,
		-0.0,
		-0.0,
		0.0,
		0.0,
		-1.0,
		-0.0,
		0.0,
		0.0,
		-0.0,
		-1.0,
		0.0,
		-22.550518930554432,
		6.4447234930226847,
		37.711229796623599,
		1.0
	],
	"intrinsic" : 
	{
		"height" : 1918,
		"intrinsic_matrix" : 
		[
			1661.0367244585534,
			0.0,
			0.0,
			0.0,
			1661.0367244585534,
			0.0,
			1919.5,
			958.5,
			1.0
		],
		"width" : 3840
	},
	"version_major" : 1,
	"version_minor" : 0
}